{
    "image": {
        "crop_coords": [
            [
                47,
                36
            ],
            [
                140,
                106
            ]
        ],
        "is_caption_generated": true
    },
    "centroid": [
        -2.262275218963622,
        -0.17683763802051544,
        -0.19964392483234403
    ],
    "dimensions": [
        0.0,
        0.0,
        0.0
    ],
    "heading": 0.0,
    "largest_face": 0.0,
    "name": {
        "string": "cabinet",
        "similarity_to_image": [
            3.171875,
            3.28125,
            4.1875
        ]
    }
}