{
    "image": {
        "crop_coords": [
            [
                36,
                70
            ],
            [
                106,
                210
            ]
        ],
        "is_caption_generated": true
    },
    "centroid": [
        7.057028770446777,
        2.35506534576416,
        -0.3683276772499084
    ],
    "dimensions": [
        0.0,
        0.0,
        0.0
    ],
    "heading": 0.0,
    "largest_face": 0.0,
    "name": {
        "string": "table",
        "similarity_to_image": [
            3.046875,
            3.296875,
            3.140625
        ]
    }
}