{
    "image": {
        "crop_coords": [
            [
                106,
                107
            ],
            [
                316,
                320
            ]
        ],
        "is_caption_generated": true
    },
    "centroid": [
        10.5066819190979,
        -1.581361174583435,
        0.14663356045881906
    ],
    "dimensions": [
        0.027804851531982422,
        0.08528298139572144,
        0.042816132307052585
    ],
    "heading": 0.0,
    "largest_face": 0.0036514874149791133,
    "name": {
        "string": "table",
        "similarity_to_image": [
            3.609375,
            4.0625,
            4.09375
        ]
    }
}