{
    "image": {
        "crop_coords": [
            [
                97,
                60
            ],
            [
                290,
                178
            ]
        ],
        "is_caption_generated": true
    },
    "centroid": [
        9.500696818033854,
        9.042229228549534,
        -0.04700543814235267
    ],
    "dimensions": [
        0.09771251678466797,
        0.029636383056640625,
        0.13596053048968318
    ],
    "heading": 0.0,
    "largest_face": 0.01328504561752553,
    "name": {
        "string": "chair",
        "similarity_to_image": [
            3.609375,
            3.859375,
            4.125
        ]
    }
}