{
    "image": {
        "crop_coords": [
            [
                63,
                50
            ],
            [
                188,
                150
            ]
        ],
        "is_caption_generated": true
    },
    "centroid": [
        17.5315954208374,
        0.809403395652771,
        -0.3381088823080064
    ],
    "dimensions": [
        0.07964706420898438,
        0.3378159999847412,
        0.20358227193355566
    ],
    "heading": 0.0,
    "largest_face": 0.06877334877239961,
    "name": {
        "string": "cabinet",
        "similarity_to_image": [
            3.890625,
            4.4375,
            4.46875
        ]
    }
}