{
    "image": {
        "crop_coords": [
            [
                33,
                30
            ],
            [
                98,
                88
            ]
        ],
        "is_caption_generated": true
    },
    "centroid": [
        3.1658927599589037,
        7.51643435160319,
        -0.3457132975260418
    ],
    "dimensions": [
        0.0,
        0.0,
        0.0
    ],
    "heading": 0.0,
    "largest_face": 0.0,
    "name": {
        "string": "chair",
        "similarity_to_image": [
            2.84375,
            3.25,
            3.375
        ]
    }
}