{
    "image": {
        "crop_coords": [
            [
                26,
                34
            ],
            [
                77,
                127
            ]
        ],
        "is_caption_generated": true
    },
    "centroid": [
        20.237503051757812,
        -0.26783141493797236,
        -0.003911640960723245
    ],
    "dimensions": [
        0.0,
        0.0,
        0.0
    ],
    "heading": 0.0,
    "largest_face": 0.0,
    "name": {
        "string": "cabinet",
        "similarity_to_image": [
            3.140625,
            2.984375,
            2.96875
        ]
    }
}