{
    "image": {
        "crop_coords": [
            [
                90,
                148
            ],
            [
                497,
                442
            ]
        ],
        "is_caption_generated": true
    },
    "centroid": [
        19.215689023335777,
        0.7529706656932831,
        0.5339626570542655
    ],
    "dimensions": [
        0.04188219706217566,
        0.0409967303276062,
        0.007885714371999142
    ],
    "heading": 0.0,
    "largest_face": 0.0017170331384856765,
    "name": {
        "string": "cabinet",
        "similarity_to_image": [
            4.0625,
            4.375,
            4.375
        ]
    }
}