{
    "image": {
        "crop_coords": [
            [
                32,
                28
            ],
            [
                94,
                84
            ]
        ],
        "is_caption_generated": true
    },
    "centroid": [
        17.608354568481445,
        2.1730244159698504,
        -0.36175581812858604
    ],
    "dimensions": [
        0.0,
        0.0,
        0.0
    ],
    "heading": 0.0,
    "largest_face": 0.0,
    "name": {
        "string": "cabinet",
        "similarity_to_image": [
            3.484375,
            3.390625,
            3.265625
        ]
    }
}