{
    "image": {
        "crop_coords": [
            [
                57,
                34
            ],
            [
                170,
                101
            ]
        ],
        "is_caption_generated": true
    },
    "centroid": [
        21.953495025634766,
        -4.962018013000488,
        0.1866171360015869
    ],
    "dimensions": [
        0.0,
        0.0,
        0.0
    ],
    "heading": 0.0,
    "largest_face": 0.0,
    "name": {
        "string": "screen",
        "similarity_to_image": [
            3.375,
            3.546875,
            3.515625
        ]
    }
}