{
    "image": {
        "crop_coords": [
            [
                49,
                74
            ],
            [
                146,
                221
            ]
        ],
        "is_caption_generated": true
    },
    "centroid": [
        10.752183777945381,
        -1.480174286024911,
        0.03983446403539607
    ],
    "dimensions": [
        0.1707019805908203,
        0.15233230590820312,
        0.15750312805175778
    ],
    "heading": 0.0,
    "largest_face": 0.026886095907684645,
    "name": {
        "string": "table",
        "similarity_to_image": [
            2.46875,
            2.859375,
            2.984375
        ]
    }
}