{
    "image": {
        "crop_coords": [
            [
                57,
                37
            ],
            [
                170,
                110
            ]
        ],
        "is_caption_generated": true
    },
    "centroid": [
        17.85351276397705,
        0.4358970373868944,
        -0.22889672964811328
    ],
    "dimensions": [
        0.06197547912597656,
        0.055296272039413674,
        0.03706170618534074
    ],
    "heading": 0.0,
    "largest_face": 0.0034270129535230037,
    "name": {
        "string": "chair",
        "similarity_to_image": [
            3.640625,
            3.96875,
            4.125
        ]
    }
}