{
    "image": {
        "crop_coords": [
            [
                88,
                60
            ],
            [
                263,
                180
            ]
        ],
        "is_caption_generated": true
    },
    "centroid": [
        -5.062344253063202,
        7.44214254617691,
        -0.10220613144338134
    ],
    "dimensions": [
        0.019652962684631348,
        0.019283175468444824,
        0.011428099125623703
    ],
    "heading": 0.0,
    "largest_face": 0.00037897152792254474,
    "name": {
        "string": "chair",
        "similarity_to_image": [
            3.375,
            3.484375,
            3.859375
        ]
    }
}