{
    "image": {
        "crop_coords": [
            [
                86,
                48
            ],
            [
                258,
                143
            ]
        ],
        "is_caption_generated": true
    },
    "centroid": [
        0.8030011455218004,
        -0.9509741663932806,
        -0.13350461671749767
    ],
    "dimensions": [
        0.03341960906982411,
        0.030207574367523193,
        0.06819336861371998
    ],
    "heading": 0.0,
    "largest_face": 0.002278995720224935,
    "name": {
        "string": "chair",
        "similarity_to_image": [
            4.125,
            4.28125,
            4.25
        ]
    }
}