{
    "image": {
        "crop_coords": [
            [
                124,
                82
            ],
            [
                372,
                245
            ]
        ],
        "is_caption_generated": true
    },
    "centroid": [
        3.4973616361618043,
        9.046582126617432,
        -0.3335034728050232
    ],
    "dimensions": [
        0.16449964046478271,
        0.459869384765625,
        0.1136071234941482
    ],
    "heading": 0.0,
    "largest_face": 0.07564834845470614,
    "name": {
        "string": "chair",
        "similarity_to_image": [
            3.78125,
            4.09375,
            4.125
        ]
    }
}