{
    "image": {
        "crop_coords": [
            [
                54,
                34
            ],
            [
                162,
                101
            ]
        ],
        "is_caption_generated": true
    },
    "centroid": [
        22.745214462280273,
        -1.012932300567627,
        -0.07423588633537295
    ],
    "dimensions": [
        0.0,
        0.0,
        0.0
    ],
    "heading": 0.0,
    "largest_face": 0.0,
    "name": {
        "string": "chair",
        "similarity_to_image": [
            3.546875,
            3.6875,
            3.859375
        ]
    }
}