{
    "image": {
        "crop_coords": [
            [
                136,
                80
            ],
            [
                406,
                238
            ]
        ],
        "is_caption_generated": true
    },
    "centroid": [
        17.471044267926896,
        9.548971584865026,
        -0.40428916684218846
    ],
    "dimensions": [
        0.4939231872558594,
        0.17741870880126953,
        0.10655944049358401
    ],
    "heading": 0.0,
    "largest_face": 0.08763121412994224,
    "name": {
        "string": "cabinet",
        "similarity_to_image": [
            4.125,
            4.53125,
            4.375
        ]
    }
}