{
    "image": {
        "crop_coords": [
            [
                62,
                45
            ],
            [
                186,
                134
            ]
        ],
        "is_caption_generated": true
    },
    "centroid": [
        17.580705642700195,
        -4.572607994079592,
        0.0895588174462318
    ],
    "dimensions": [
        0.0,
        0.0,
        0.0
    ],
    "heading": 0.0,
    "largest_face": 0.0,
    "name": {
        "string": "chair",
        "similarity_to_image": [
            2.796875,
            2.96875,
            2.859375
        ]
    }
}