{
    "image": {
        "crop_coords": [
            [
                102,
                138
            ],
            [
                304,
                413
            ]
        ],
        "is_caption_generated": true
    },
    "centroid": [
        17.23625914255778,
        0.1809911442299691,
        -0.22682937979698195
    ],
    "dimensions": [
        0.3697032928466797,
        0.37821836769580863,
        0.5176007524132731
    ],
    "heading": 0.0,
    "largest_face": 0.19576611169587052,
    "name": {
        "string": "table",
        "similarity_to_image": [
            2.734375,
            3.109375,
            3.515625
        ]
    }
}