{
    "image": {
        "crop_coords": [
            [
                101,
                22
            ],
            [
                302,
                349
            ]
        ],
        "is_caption_generated": true
    },
    "centroid": [
        10.221717425755092,
        -1.1197147866090138,
        -0.16876038806956453
    ],
    "dimensions": [
        0.946434497833252,
        0.10864841938018799,
        0.341582451015711
    ],
    "heading": 0.0,
    "largest_face": 0.32328541549570583,
    "name": {
        "string": "table",
        "similarity_to_image": [
            2.65625,
            3.265625,
            3.5
        ]
    }
}