{
    "image": {
        "crop_coords": [
            [
                103,
                64
            ],
            [
                308,
                191
            ]
        ],
        "is_caption_generated": true
    },
    "centroid": [
        18.190397702730618,
        2.189497544215276,
        -0.09167561393517719
    ],
    "dimensions": [
        0.03864479064941406,
        0.0542452335357666,
        0.16467007249593735
    ],
    "heading": 0.0,
    "largest_face": 0.008932566538893738,
    "name": {
        "string": "chair",
        "similarity_to_image": [
            3.6875,
            4.0,
            4.1875
        ]
    }
}