{
    "image": {
        "crop_coords": [
            [
                36,
                40
            ],
            [
                107,
                119
            ]
        ],
        "is_caption_generated": true
    },
    "centroid": [
        17.49644422531128,
        -2.3586575388908386,
        0.7209573686122895
    ],
    "dimensions": [
        0.048282623291015625,
        0.25347185134887695,
        0.4331873655319215
    ],
    "heading": 0.0,
    "largest_face": 0.10980080352231883,
    "name": {
        "string": "whiteboard",
        "similarity_to_image": [
            3.359375,
            3.75,
            3.859375
        ]
    }
}