{
    "image": {
        "crop_coords": [
            [
                36,
                40
            ],
            [
                106,
                118
            ]
        ],
        "is_caption_generated": true
    },
    "centroid": [
        17.484394073486328,
        -2.4210410118103027,
        0.9082946479320527
    ],
    "dimensions": [
        0.017879486083984375,
        0.18365812301635742,
        0.2040494084358213
    ],
    "heading": 0.0,
    "largest_face": 0.03747533135592103,
    "name": {
        "string": "whiteboard",
        "similarity_to_image": [
            3.796875,
            4.1875,
            3.890625
        ]
    }
}