{
    "image": {
        "crop_coords": [
            [
                58,
                68
            ],
            [
                173,
                203
            ]
        ],
        "is_caption_generated": true
    },
    "centroid": [
        14.500004768371582,
        7.360441464644212,
        -0.22444781775657952
    ],
    "dimensions": [
        0.4782695770263672,
        0.26860570907592773,
        0.11471097171306613
    ],
    "heading": 0.0,
    "largest_face": 0.1284659388666114,
    "name": {
        "string": "table",
        "similarity_to_image": [
            3.046875,
            2.96875,
            3.40625
        ]
    }
}