{
    "image": {
        "crop_coords": [
            [
                44,
                24
            ],
            [
                130,
                71
            ]
        ],
        "is_caption_generated": true
    },
    "centroid": [
        -2.4106037616729745,
        6.635673999786376,
        -0.1701472997665406
    ],
    "dimensions": [
        0.0,
        0.0,
        0.0
    ],
    "heading": 0.0,
    "largest_face": 0.0,
    "name": {
        "string": "chair",
        "similarity_to_image": [
            3.078125,
            3.609375,
            3.796875
        ]
    }
}