{
    "image": {
        "crop_coords": [
            [
                80,
                40
            ],
            [
                238,
                119
            ]
        ],
        "is_caption_generated": true
    },
    "centroid": [
        7.6230117082595825,
        10.695592641830444,
        0.44215934723615646
    ],
    "dimensions": [
        0.15398240089416504,
        0.00868082046508789,
        0.011731103062629755
    ],
    "heading": 0.0,
    "largest_face": 0.0018063834147206222,
    "name": {
        "string": "whiteboard",
        "similarity_to_image": [
            4.40625,
            4.625,
            4.40625
        ]
    }
}