{
    "image": {
        "crop_coords": [
            [
                64,
                40
            ],
            [
                190,
                118
            ]
        ],
        "is_caption_generated": true
    },
    "centroid": [
        0.060813498372833064,
        -1.5011908411979686,
        0.025310300601025387
    ],
    "dimensions": [
        0.03870844841003421,
        0.03762775659561135,
        0.16615680046379577
    ],
    "heading": 0.0,
    "largest_face": 0.006431671938729186,
    "name": {
        "string": "whiteboard",
        "similarity_to_image": [
            3.453125,
            3.609375,
            3.65625
        ]
    }
}