{
    "image": {
        "crop_coords": [
            [
                36,
                68
            ],
            [
                107,
                204
            ]
        ],
        "is_caption_generated": true
    },
    "centroid": [
        17.49709129333496,
        -2.6703150272369385,
        0.21106970310211184
    ],
    "dimensions": [
        0.0,
        0.0,
        0.0
    ],
    "heading": 0.0,
    "largest_face": 0.0,
    "name": {
        "string": "table",
        "similarity_to_image": [
            3.109375,
            2.984375,
            3.140625
        ]
    }
}