{
    "image": {
        "crop_coords": [
            [
                68,
                24
            ],
            [
                202,
                70
            ]
        ],
        "is_caption_generated": true
    },
    "centroid": [
        18.309086799621582,
        9.872164249420166,
        -0.4003791809082032
    ],
    "dimensions": [
        0.021059036254882812,
        0.04949665069580078,
        0.08608293533325206
    ],
    "heading": 0.0,
    "largest_face": 0.004260816981059184,
    "name": {
        "string": "whiteboard",
        "similarity_to_image": [
            2.546875,
            2.890625,
            2.984375
        ]
    }
}