{
    "image": {
        "crop_coords": [
            [
                96,
                92
            ],
            [
                287,
                276
            ]
        ],
        "is_caption_generated": true
    },
    "centroid": [
        20.1100442237854,
        7.643350408554077,
        0.42083511579036714
    ],
    "dimensions": [
        0.0366969108581543,
        0.4125162363052368,
        0.5432620942592621
    ],
    "heading": 0.0,
    "largest_face": 0.2241044344511316,
    "name": {
        "string": "whiteboard",
        "similarity_to_image": [
            3.640625,
            4.125,
            4.53125
        ]
    }
}