{
    "image": {
        "crop_coords": [
            [
                56,
                35
            ],
            [
                167,
                104
            ]
        ],
        "is_caption_generated": true
    },
    "centroid": [
        21.849977493286133,
        -4.984978675842286,
        0.39054474234581005
    ],
    "dimensions": [
        0.0,
        0.0,
        0.0
    ],
    "heading": 0.0,
    "largest_face": 0.0,
    "name": {
        "string": "screen",
        "similarity_to_image": [
            3.28125,
            3.375,
            3.4375
        ]
    }
}