{
    "image": {
        "crop_coords": [
            [
                26,
                33
            ],
            [
                77,
                126
            ]
        ],
        "is_caption_generated": true
    },
    "centroid": [
        20.330673217773438,
        -0.23187328875064828,
        0.033492643386125565
    ],
    "dimensions": [
        0.0,
        0.0,
        0.0
    ],
    "heading": 0.0,
    "largest_face": 0.0,
    "name": {
        "string": "cabinet",
        "similarity_to_image": [
            3.09375,
            2.78125,
            2.984375
        ]
    }
}