{
    "image": {
        "crop_coords": [
            [
                80,
                84
            ],
            [
                240,
                251
            ]
        ],
        "is_caption_generated": true
    },
    "centroid": [
        -2.4025155305862427,
        -0.009689344636475231,
        -0.21087999766071647
    ],
    "dimensions": [
        0.2975386381149292,
        0.2764194384217262,
        0.24661792442202576
    ],
    "heading": 0.0,
    "largest_face": 0.08224546325649396,
    "name": {
        "string": "table",
        "similarity_to_image": [
            2.59375,
            3.5625,
            3.71875
        ]
    }
}