{
    "image": {
        "crop_coords": [
            [
                41,
                29
            ],
            [
                122,
                86
            ]
        ],
        "is_caption_generated": true
    },
    "centroid": [
        -3.3664557933807373,
        -1.438387632369996,
        -0.017308194190263755
    ],
    "dimensions": [
        0.0,
        0.0,
        0.0
    ],
    "heading": 0.0,
    "largest_face": 0.0,
    "name": {
        "string": "table",
        "similarity_to_image": [
            2.859375,
            2.96875,
            2.828125
        ]
    }
}