{
    "image": {
        "crop_coords": [
            [
                116,
                118
            ],
            [
                347,
                353
            ]
        ],
        "is_caption_generated": true
    },
    "centroid": [
        22.660161755301736,
        -1.8149936131455682,
        -0.483370053497228
    ],
    "dimensions": [
        0.36220645904541016,
        0.29607784748077415,
        0.21054801344871532
    ],
    "heading": 0.0,
    "largest_face": 0.10724130873779822,
    "name": {
        "string": "screen",
        "similarity_to_image": [
            3.046875,
            3.40625,
            3.5
        ]
    }
}