{
    "image": {
        "crop_coords": [
            [
                113,
                2
            ],
            [
                338,
                128
            ]
        ],
        "is_caption_generated": true
    },
    "centroid": [
        18.531037050134994,
        7.823035156025606,
        -0.10933432969100337
    ],
    "dimensions": [
        0.05327606201171875,
        0.19757080078125,
        0.25243608374148613
    ],
    "heading": 0.0,
    "largest_face": 0.0498739992108881,
    "name": {
        "string": "chair",
        "similarity_to_image": [
            3.90625,
            4.0,
            4.15625
        ]
    }
}