{
    "image": {
        "crop_coords": [
            [
                54,
                40
            ],
            [
                161,
                120
            ]
        ],
        "is_caption_generated": true
    },
    "centroid": [
        17.779104232788086,
        -4.595166206359863,
        -0.19144202768802637
    ],
    "dimensions": [
        0.0,
        0.0,
        0.0
    ],
    "heading": 0.0,
    "largest_face": 0.0,
    "name": {
        "string": "chair",
        "similarity_to_image": [
            2.84375,
            3.015625,
            3.6875
        ]
    }
}