{
    "image": {
        "crop_coords": [
            [
                89,
                111
            ],
            [
                266,
                332
            ]
        ],
        "is_caption_generated": true
    },
    "centroid": [
        8.198139508565268,
        -1.4628224372863776,
        -0.13519617170095452
    ],
    "dimensions": [
        0.0,
        0.0,
        0.0
    ],
    "heading": 0.0,
    "largest_face": 0.0,
    "name": {
        "string": "table",
        "similarity_to_image": [
            3.109375,
            3.328125,
            2.671875
        ]
    }
}