{
    "image": {
        "crop_coords": [
            [
                80,
                210
            ],
            [
                498,
                629
            ]
        ],
        "is_caption_generated": true
    },
    "centroid": [
        19.47738642919631,
        1.8050221715654646,
        -0.06348327474136448
    ],
    "dimensions": [
        0.4129142761230469,
        0.6626782417297368,
        0.534573078155518
    ],
    "heading": 0.0,
    "largest_face": 0.35424994750815186,
    "name": {
        "string": "cabinet",
        "similarity_to_image": [
            3.96875,
            4.34375,
            4.1875
        ]
    }
}