{
    "image": {
        "crop_coords": [
            [
                78,
                46
            ],
            [
                233,
                137
            ]
        ],
        "is_caption_generated": true
    },
    "centroid": [
        -4.147139549255371,
        7.049688816070557,
        -0.33961302042007446
    ],
    "dimensions": [
        0.0,
        0.0,
        0.0
    ],
    "heading": 0.0,
    "largest_face": 0.0,
    "name": {
        "string": "table",
        "similarity_to_image": [
            2.78125,
            2.71875,
            2.171875
        ]
    }
}