{
    "image": {
        "crop_coords": [
            [
                128,
                78
            ],
            [
                382,
                234
            ]
        ],
        "is_caption_generated": true
    },
    "centroid": [
        17.998013496398926,
        0.009888195898384522,
        -0.21295434981584563
    ],
    "dimensions": [
        0.0045948028564453125,
        0.004664097912609577,
        0.007985725998878423
    ],
    "heading": 0.0,
    "largest_face": 3.724620796204089e-05,
    "name": {
        "string": "cabinet",
        "similarity_to_image": [
            2.84375,
            2.890625,
            2.765625
        ]
    }
}