{
    "image": {
        "crop_coords": [
            [
                56,
                40
            ],
            [
                168,
                120
            ]
        ],
        "is_caption_generated": true
    },
    "centroid": [
        19.380084991455078,
        0.5528371930122375,
        0.009283273480832605
    ],
    "dimensions": [
        0.0,
        0.0,
        0.0
    ],
    "heading": 0.0,
    "largest_face": 0.0,
    "name": {
        "string": "cabinet",
        "similarity_to_image": [
            3.796875,
            3.796875,
            3.6875
        ]
    }
}