{
    "image": {
        "crop_coords": [
            [
                66,
                2
            ],
            [
                197,
                101
            ]
        ],
        "is_caption_generated": true
    },
    "centroid": [
        -3.89608625570933,
        7.316038409868876,
        -0.2763690799474717
    ],
    "dimensions": [
        0.20565128326416016,
        0.18524169921875,
        0.3060658872127534
    ],
    "heading": 0.0,
    "largest_face": 0.06294284246868645,
    "name": {
        "string": "cabinet",
        "similarity_to_image": [
            3.6875,
            4.0,
            4.375
        ]
    }
}