{
    "image": {
        "crop_coords": [
            [
                80,
                56
            ],
            [
                238,
                166
            ]
        ],
        "is_caption_generated": true
    },
    "centroid": [
        1.1105362772941587,
        -1.2646347284317019,
        -0.19105651974678048
    ],
    "dimensions": [
        0.011993765830993208,
        0.15612864494323708,
        0.03630563616752622
    ],
    "heading": 0.0,
    "largest_face": 0.005668349778638048,
    "name": {
        "string": "chair",
        "similarity_to_image": [
            3.65625,
            4.0,
            4.1875
        ]
    }
}