{
    "image": {
        "crop_coords": [
            [
                56,
                34
            ],
            [
                167,
                102
            ]
        ],
        "is_caption_generated": true
    },
    "centroid": [
        22.47438335418701,
        -5.012853145599365,
        -0.2552322894334793
    ],
    "dimensions": [
        0.05250740051269531,
        0.06440258026123047,
        0.13227459788322454
    ],
    "heading": 0.0,
    "largest_face": 0.008518825406696354,
    "name": {
        "string": "cabinet",
        "similarity_to_image": [
            3.015625,
            2.984375,
            3.234375
        ]
    }
}