{
    "image": {
        "crop_coords": [
            [
                116,
                114
            ],
            [
                346,
                342
            ]
        ],
        "is_caption_generated": true
    },
    "centroid": [
        22.657827138900757,
        -2.1663691699504852,
        -0.5618904456496239
    ],
    "dimensions": [
        0.2633848190307617,
        0.28197646141052246,
        0.20556935667991638
    ],
    "heading": 0.0,
    "largest_face": 0.07426831925954502,
    "name": {
        "string": "screen",
        "similarity_to_image": [
            3.0625,
            3.421875,
            3.53125
        ]
    }
}