{
    "image": {
        "crop_coords": [
            [
                56,
                34
            ],
            [
                167,
                102
            ]
        ],
        "is_caption_generated": true
    },
    "centroid": [
        22.072546005249023,
        -5.005609750747681,
        0.39846231043338776
    ],
    "dimensions": [
        0.061214447021484375,
        0.0018210411071777344,
        0.025541573762893677
    ],
    "heading": 0.0,
    "largest_face": 0.0015635133139539903,
    "name": {
        "string": "cabinet",
        "similarity_to_image": [
            3.078125,
            3.140625,
            2.84375
        ]
    }
}