{
    "image": {
        "crop_coords": [
            [
                96,
                78
            ],
            [
                288,
                232
            ]
        ],
        "is_caption_generated": true
    },
    "centroid": [
        6.545845890045166,
        -0.8261176437139508,
        -0.1823328681290151
    ],
    "dimensions": [
        0.021322250366210938,
        0.028345535198847527,
        0.15189885099728906
    ],
    "heading": 0.0,
    "largest_face": 0.004305654227608153,
    "name": {
        "string": "cabinet",
        "similarity_to_image": [
            4.0,
            4.40625,
            4.28125
        ]
    }
}