{
    "image": {
        "crop_coords": [
            [
                28,
                21
            ],
            [
                84,
                62
            ]
        ],
        "is_caption_generated": true
    },
    "centroid": [
        -11.524961471557617,
        -0.006062274798750877,
        -0.2661413848400116
    ],
    "dimensions": [
        0.0,
        0.0,
        0.0
    ],
    "heading": 0.0,
    "largest_face": 0.0,
    "name": {
        "string": "chair",
        "similarity_to_image": [
            2.640625,
            3.09375,
            3.78125
        ]
    }
}