{
    "image": {
        "crop_coords": [
            [
                66,
                79
            ],
            [
                197,
                236
            ]
        ],
        "is_caption_generated": true
    },
    "centroid": [
        -11.079909801483154,
        3.7701066732406616,
        -0.22126099467277532
    ],
    "dimensions": [
        0.17272090911865234,
        0.36291933059692383,
        0.06321220099925995
    ],
    "heading": 0.0,
    "largest_face": 0.06268375671743343,
    "name": {
        "string": "table",
        "similarity_to_image": [
            2.234375,
            2.9375,
            2.421875
        ]
    }
}