{
    "image": {
        "crop_coords": [
            [
                89,
                40
            ],
            [
                266,
                173
            ]
        ],
        "is_caption_generated": true
    },
    "centroid": [
        -7.356138610839844,
        7.331565952301025,
        -0.2831255614757538
    ],
    "dimensions": [
        0.042444705963134766,
        0.03600645065307617,
        0.0539240837097168
    ],
    "heading": 0.0,
    "largest_face": 0.002288791877390395,
    "name": {
        "string": "chair",
        "similarity_to_image": [
            3.125,
            3.46875,
            3.859375
        ]
    }
}