{
    "image": {
        "crop_coords": [
            [
                70,
                34
            ],
            [
                209,
                102
            ]
        ],
        "is_caption_generated": true
    },
    "centroid": [
        4.61016845703125,
        0.0235900096595294,
        -0.3119702041149142
    ],
    "dimensions": [
        0.0,
        0.0,
        0.0
    ],
    "heading": 0.0,
    "largest_face": 0.0,
    "name": {
        "string": "chair",
        "similarity_to_image": [
            3.75,
            3.796875,
            4.09375
        ]
    }
}