{
    "image": {
        "crop_coords": [
            [
                70,
                54
            ],
            [
                208,
                161
            ]
        ],
        "is_caption_generated": true
    },
    "centroid": [
        15.592778205871582,
        7.494369983673096,
        -0.26833748817443853
    ],
    "dimensions": [
        0.0,
        0.0,
        0.0
    ],
    "heading": 0.0,
    "largest_face": 0.0,
    "name": {
        "string": "chair",
        "similarity_to_image": [
            3.828125,
            4.0625,
            4.03125
        ]
    }
}