{
    "image": {
        "crop_coords": [
            [
                95,
                48
            ],
            [
                284,
                142
            ]
        ],
        "is_caption_generated": true
    },
    "centroid": [
        0.7221827805042269,
        -1.019055187702179,
        -0.13530529290437698
    ],
    "dimensions": [
        0.0,
        0.0,
        0.0
    ],
    "heading": 0.0,
    "largest_face": 0.0,
    "name": {
        "string": "chair",
        "similarity_to_image": [
            3.90625,
            4.03125,
            4.28125
        ]
    }
}