{
    "image": {
        "crop_coords": [
            [
                54,
                41
            ],
            [
                162,
                122
            ]
        ],
        "is_caption_generated": true
    },
    "centroid": [
        2.463351309299469,
        0.9772775694727902,
        -0.0946946516633034
    ],
    "dimensions": [
        0.3004496097564697,
        0.16775417327880904,
        0.2225274024531246
    ],
    "heading": 0.0,
    "largest_face": 0.06685827122716217,
    "name": {
        "string": "chair",
        "similarity_to_image": [
            4.28125,
            4.375,
            4.25
        ]
    }
}