{
    "image": {
        "crop_coords": [
            [
                120,
                93
            ],
            [
                452,
                278
            ]
        ],
        "is_caption_generated": true
    },
    "centroid": [
        19.237428604288304,
        0.5665466654385243,
        -0.20021290398130184
    ],
    "dimensions": [
        0.10279655456542969,
        0.015481889247894065,
        0.2403623300294082
    ],
    "heading": 0.0,
    "largest_face": 0.02470841937434188,
    "name": {
        "string": "cabinet",
        "similarity_to_image": [
            3.890625,
            4.09375,
            4.28125
        ]
    }
}