{
    "image": {
        "crop_coords": [
            [
                50,
                74
            ],
            [
                150,
                221
            ]
        ],
        "is_caption_generated": true
    },
    "centroid": [
        -5.739970366160075,
        7.561377604802449,
        0.05671486786256238
    ],
    "dimensions": [
        0.1653156280517578,
        0.026849746704101562,
        0.15859901346266278
    ],
    "heading": 0.0,
    "largest_face": 0.02621889551896929,
    "name": {
        "string": "screen",
        "similarity_to_image": [
            2.828125,
            3.0625,
            3.03125
        ]
    }
}