{
    "image": {
        "crop_coords": [
            [
                72,
                56
            ],
            [
                214,
                166
            ]
        ],
        "is_caption_generated": true
    },
    "centroid": [
        1.2303654930808323,
        -2.4058066064661205,
        0.07353768768635666
    ],
    "dimensions": [
        0.20120120048522883,
        0.06664514541625932,
        0.28538530319929134
    ],
    "heading": 0.0,
    "largest_face": 0.057419865604538434,
    "name": {
        "string": "chair",
        "similarity_to_image": [
            4.125,
            4.25,
            3.90625
        ]
    }
}