{
    "image": {
        "crop_coords": [
            [
                36,
                63
            ],
            [
                106,
                188
            ]
        ],
        "is_caption_generated": true
    },
    "centroid": [
        18.821988105773926,
        9.307326793670654,
        0.17025567591190346
    ],
    "dimensions": [
        0.0,
        0.0,
        0.0
    ],
    "heading": 0.0,
    "largest_face": 0.0,
    "name": {
        "string": "screen",
        "similarity_to_image": [
            2.828125,
            3.296875,
            3.21875
        ]
    }
}