{
    "image": {
        "crop_coords": [
            [
                106,
                90
            ],
            [
                469,
                269
            ]
        ],
        "is_caption_generated": true
    },
    "centroid": [
        19.286012240818568,
        3.0912401903243287,
        0.2800916619598866
    ],
    "dimensions": [
        0.04287147521972656,
        0.40998220443725586,
        0.37012746557593357
    ],
    "heading": 0.0,
    "largest_face": 0.1517456742595958,
    "name": {
        "string": "cabinet",
        "similarity_to_image": [
            3.578125,
            3.859375,
            3.796875
        ]
    }
}