{
    "image": {
        "crop_coords": [
            [
                49,
                74
            ],
            [
                146,
                221
            ]
        ],
        "is_caption_generated": true
    },
    "centroid": [
        10.683840235074362,
        -1.506107007463773,
        0.07956509897485375
    ],
    "dimensions": [
        0.36582088470458984,
        0.23319832483927416,
        0.18610302172601223
    ],
    "heading": 0.0,
    "largest_face": 0.0853088175043316,
    "name": {
        "string": "table",
        "similarity_to_image": [
            2.46875,
            2.859375,
            2.984375
        ]
    }
}